55,Wanaaring-DEM-AHD_55_5m
55,Tinchelooka-DEM-AHD_55_5m
55,FordsBridge-DEM-AHD_55_5m
55,LowerLila-DEM-AHD_55_5m
55,Warraweena-DEM-AHD_55_5m
55,Brewarrina-DEM-AHD_55_5m
55,Narran-DEM-AHD_55_5m
55,Cumborah-DEM-AHD_55_5m
55,Dungalear-DEM-AHD_55_5m
55,Collarenebri-DEM-AHD_55_5m
55,BunnaBunna-DEM-AHD_55_5m
55,Bellata-DEM-AHD_55_5m
55,Kango-DEM-AHD_55_5m
55,UtahLake-DEM-AHD_55_5m
55,Toorale-DEM-AHD_55_5m
55,Bourke-DEM-AHD_55_5m
55,MountOxley-DEM-AHD_55_5m
55,Gongolgon-DEM-AHD_55_5m
55,Geera-DEM-AHD_55_5m
55,Carinda-DEM-AHD_55_5m
55,Walgett-DEM-AHD_55_5m
55,Pilliga-DEM-AHD_55_5m
55,WeeWaa-DEM-AHD_55_5m
55,Narrabri-DEM-AHD_55_5m
55,Thoolabool-DEM-AHD_55_5m
55,Winbar-DEM-AHD_55_5m
55,Louth-DEM-AHD_55_5m
55,Gunderbooka-DEM-AHD_55_5m
55,Byrock-DEM-AHD_55_5m
55,Glenariff-DEM-AHD_55_5m
55,Hermidon-DEM-AHD_55_5m
55,Quambone-DEM-AHD_55_5m
55,Coonamble-DEM-AHD_55_5m
55,Gwabegar-DEM-AHD_55_5m
55,Baradine-DEM-AHD_55_5m
56,BaanBaa-DEM-AHD_55_5m
55,Nelyambo-DEM-AHD_55_5m
55,Innesowen-DEM-AHD_55_5m
55,Booroondarra-DEM-AHD_55_5m
55,Cobar-DEM-AHD_55_5m
55,Sussex-DEM-AHD_55_5m
55,Coolabah-DEM-AHD_55_5m
55,Canonba-DEM-AHD_55_5m
55,MountHarris-DEM-AHD_55_5m
55,Gulargambone-DEM-AHD_55_5m
55,Tenandra-DEM-AHD_55_5m
55,Coonabarabran-DEM-AHD_55_5m
55,TambarSprings-DEM-AHD_55_5m
55,Woolakulkra-DEM-AHD_55_5m
55,Barnato-DEM-AHD_55_5m
55,TheMeadows-DEM-AHD_55_5m
55,Wrightville-DEM-AHD_55_5m
55,Canbelego-DEM-AHD_55_5m
55,Hermidale-DEM-AHD_55_5m
55,Nyngan-DEM-AHD_55_5m
55,Warren-DEM-AHD_55_5m
55,Bundemar-DEM-AHD_55_5m
55,Gilgandra-DEM-AHD_55_5m
55,Mendooran-DEM-AHD_55_5m
55,Coolah-DEM-AHD_55_5m
55,BadenPark-DEM-AHD_55_5m
55,Neckarboo-DEM-AHD_55_5m
55,Keewong-DEM-AHD_55_5m
55,LachlanDowns-DEM-AHD_55_5m
55,Nymagee-DEM-AHD_55_5m
55,Bobadah-DEM-AHD_55_5m
55,Tottenham-DEM-AHD_55_5m
55,Dandaloo-DEM-AHD_55_5m
55,Narromine-DEM-AHD_55_5m
55,Dubbo-DEM-AHD_55_5m
55,Cobbora-DEM-AHD_55_5m
55,Gulgong-DEM-AHD_55_5m
55,Ivanhoe-DEM-AHD_55_5m
55,Conoble-DEM-AHD_55_5m
55,Coombie-DEM-AHD_55_5m
55,MountAllen-DEM-AHD_55_5m
55,Kilparney-DEM-AHD_55_5m
55,Gindoono-DEM-AHD_55_5m
55,BoonaMount-DEM-AHD_55_5m
55,Tullamore-DEM-AHD_55_5m
55,PeakHill-DEM-AHD_55_5m
55,Wellington-DEM-AHD_55_5m
55,Euchareena-DEM-AHD_55_5m
55,Mudgee-DEM-AHD_55_5m
55,Kilfera-DEM-AHD_55_5m
55,Mossgiel-DEM-AHD_55_5m
55,Willandra-DEM-AHD_55_5m
55,Hillston-DEM-AHD_55_5m
55,Cargelligo-DEM-AHD_55_5m
55,Tullibigeal-DEM-AHD_55_5m
55,Condobolin-DEM-AHD_55_5m
55,BoganGate-DEM-AHD_55_5m
55,Parkes-DEM-AHD_55_5m
55,Molong-DEM-AHD_55_5m
55,Orange-DEM-AHD_55_5m
55,Bathurst-DEM-AHD_55_5m
55,Culpataro-DEM-AHD_55_5m
55,Booligal-DEM-AHD_55_5m
55,Muckerumba-DEM-AHD_55_5m
55,Merriwagga-DEM-AHD_55_5m
55,RankinsSprings-DEM-AHD_55_5m
55,Ungarie-DEM-AHD_55_5m
55,Wyalong-DEM-AHD_55_5m
55,Marsden-DEM-AHD_55_5m
55,Grenfell-DEM-AHD_55_5m
55,Cowra-DEM-AHD_55_5m
55,Blayney-DEM-AHD_55_5m
55,Oberon-DEM-AHD_55_5m
55,Oxley-DEM-AHD_55_5m
55,OneTree-DEM-AHD_55_5m
55,Gunbar-DEM-AHD_55_5m
55,Kooroongal-DEM-AHD_55_5m
55,Griffith-DEM-AHD_55_5m
55,Ardlethan-DEM-AHD_55_5m
55,Barmedman-DEM-AHD_55_5m
55,Temora-DEM-AHD_55_5m
55,Young-DEM-AHD_55_5m
55,Boorowa-DEM-AHD_55_5m
55,Crookwell-DEM-AHD_55_5m
55,Taralga-DEM-AHD_55_5m
55,DryLake-DEM-AHD_55_5m
55,Hay-DEM-AHD_55_5m
55,Moggumbill-DEM-AHD_55_5m
55,Coleambally-DEM-AHD_55_5m
55,Yanco-DEM-AHD_55_5m
55,Narrandera-DEM-AHD_55_5m
55,Coolamon-DEM-AHD_55_5m
55,Junee-DEM-AHD_55_5m
55,Cootamundra-DEM-AHD_55_5m
55,Yass-DEM-AHD_55_5m
55,Gunning-DEM-AHD_55_5m
55,Goulburn-DEM-AHD_55_5m
55,Moulamein-DEM-AHD_55_5m
55,Wanganella-DEM-AHD_55_5m
55,Conargo-DEM-AHD_55_5m
55,Jerilderie-DEM-AHD_55_5m
55,Urana-DEM-AHD_55_5m
55,Lockhart-DEM-AHD_55_5m
55,WaggaWagga-DEM-AHD_55_5m
55,Tarcutta-DEM-AHD_55_5m
55,Tumut-DEM-AHD_55_5m
55,Brindabella-DEM-AHD_55_5m
55,Canberra-DEM-AHD_55_5m
55,Braidwood-DEM-AHD_55_5m
55,Mathoura-DEM-AHD_55_5m
55,Berrigan-DEM-AHD_55_5m
55,Buraja-DEM-AHD_55_5m
55,Walbundrie-DEM-AHD_55_5m
55,Holbrook-DEM-AHD_55_5m
55,Rosewood-DEM-AHD_55_5m
55,Yarrangobilly-DEM-AHD_55_5m
55,Tantangara-DEM-AHD_55_5m
55,Michelago-DEM-AHD_55_5m
55,Araluen-DEM-AHD_55_5m
55,Kosciusko-DEM-AHD_55_5m
55,Berridale-DEM-AHD_55_5m
55,Cooma-DEM-AHD_55_5m
55,Cobargo-DEM-AHD_55_5m
55,Numbla-DEM-AHD_55_5m
55,Bombala-DEM-AHD_55_5m
55,Bega-DEM-AHD_55_5m
55,Eden-DEM-AHD_55_5m
55,Talyealye-DEM-AHD_55_5m
55,Brindingabba-DEM-AHD_55_5m
55,Yantabulla-DEM-AHD_55_5m
55,Enngonia-DEM-AHD_55_5m
55,Gerara-DEM-AHD_55_5m
55,Weilmoringle-DEM-AHD_55_5m
55,Goodooga-DEM-AHD_55_5m
55,LightningRidge-DEM-AHD_55_5m
55,Dunumbral-DEM-AHD_55_5m
55,Cohuna-DEM-AHD_55_5m
55,Tuppal-DEM-AHD_55_5m
55,Echuca-DEM-AHD_55_5m
55,Dookie-DEM-AHD_55_5m
55,Wangaratta-DEM-AHD_55_5m
55,Albury-DEM-AHD_55_5m
55,Tallangatta-DEM-AHD_55_5m
55,Corryong-DEM-AHD_55_5m
55,JacobsRiver-DEM-AHD_55_5m
55,Bendoc-DEM-AHD_55_5m
55,Craigie-DEM-AHD_55_5m
54,Milparinka-DEM-AHD_54_5m
54,Yantara-DEM-AHD_54_5m
54,CliftonBore-DEM-AHD_54_5m
54,Urella-DEM-AHD_54_5m
54,Urisino-DEM-AHD_54_5m
54,MountArrowsmith-DEM-AHD_54_5m
54,CobhamLake-DEM-AHD_54_5m
54,Yancannia-DEM-AHD_54_5m
54,Monolon-DEM-AHD_54_5m
54,Tongo-DEM-AHD_54_5m
54,Bancannia-DEM-AHD_54_5m
54,Wonnaminta-DEM-AHD_54_5m
54,Kayrunnera-DEM-AHD_54_5m
54,WhiteCliffs-DEM-AHD_54_5m
54,Yantabangee-DEM-AHD_54_5m
54,FowlersGap-DEM-AHD_54_5m
54,Nuchea-DEM-AHD_54_5m
54,Grasmere-DEM-AHD_54_5m
54,MenaMurtee-DEM-AHD_54_5m
54,Callindra-DEM-AHD_54_5m
54,Taltingan-DEM-AHD_54_5m
54,Topar-DEM-AHD_54_5m
54,Bunda-DEM-AHD_54_5m
54,Wilcannia-DEM-AHD_54_5m
54,Murtee-DEM-AHD_54_5m
54,Redan-DEM-AHD_54_5m
54,Menindee-DEM-AHD_54_5m
54,Nartooka-DEM-AHD_54_5m
54,Teryawynia-DEM-AHD_54_5m
54,Manara-DEM-AHD_54_5m
54,MiddleCamp-DEM-AHD_54_5m
54,LakeTandou-DEM-AHD_54_5m
54,Bono-DEM-AHD_54_5m
54,Boolaboolka-DEM-AHD_54_5m
54,Darnick-DEM-AHD_54_5m
54,Popiltah-DEM-AHD_54_5m
54,Pooncarie-DEM-AHD_54_5m
54,Mulurulu-DEM-AHD_54_5m
54,Manfred-DEM-AHD_54_5m
54,Para-DEM-AHD_54_5m
54,Arumpo-DEM-AHD_54_5m
54,Turlee-DEM-AHD_54_5m
54,Hatfield-DEM-AHD_54_5m
54,Mildura-DEM-AHD_54_5m
54,WildDog-DEM-AHD_54_5m
54,Bidura-DEM-AHD_54_5m
54,Paika-DEM-AHD_54_5m
54,Weimby-DEM-AHD_54_5m
54,Balranald-DEM-AHD_54_5m
54,SwanHill-DEM-AHD_54_5m
54,FortGrey-DEM-AHD_54_5m
54,OliveDowns-DEM-AHD_54_5m
54,Tibooburra-DEM-AHD_54_5m
54,Tongowoko-DEM-AHD_54_5m
54,ThurlooDowns-DEM-AHD_54_5m
54,BerawinniaDowns-DEM-AHD_54_5m
54,HawkerGate-DEM-AHD_54_5m
54,Smithville-DEM-AHD_54_5m
54,Teilta-DEM-AHD_54_5m
54,Corona-DEM-AHD_54_5m
54,BrokenHill-DEM-AHD_54_5m
54,Thackaringa-DEM-AHD_54_5m
54,Buckalow-DEM-AHD_54_5m
54,Scotia-DEM-AHD_54_5m
54,LakeVictoria-DEM-AHD_54_5m
54,Lindsay-DEM-AHD_54_5m
54,Wentworth-DEM-AHD_54_5m
54,Nowingi-DEM-AHD_54_5m
54,Robinvale-DEM-AHD_54_5m
54,Nyah-DEM-AHD_54_5m
54,Kerang-DEM-AHD_54_5m
54,Cuthero-DEM-AHD_54_5m
54,Bunnerungee-DEM-AHD_54_5m
55,Moree-DEM-AHD_55_5m
55,MogilMogil-DEM-AHD_55_5m
55,Bunarba-DEM-AHD_55_5m
55,Burrenbar-DEM-AHD_55_5m
55,Thallon-DEM-AHD_55_5m
55,Boomi-DEM-AHD_55_5m
56,Goondiwindi-DEM-AHD_56_5m
56,Yetman-DEM-AHD_56_5m
56,Yallaroi-DEM-AHD_56_5m
56,CroppaCreek-DEM-AHD_56_5m
56,Gravesend-DEM-AHD_56_5m
56,Boggabri-DEM-AHD_56_5m
56,Horton-DEM-AHD_56_5m
56,Cobbadah-DEM-AHD_56_5m
56,Manilla-DEM-AHD_56_5m
56,Bingara-DEM-AHD_56_5m
56,Inverell-DEM-AHD_56_5m
56,Bundarra-DEM-AHD_56_5m
56,Bendemeer-DEM-AHD_56_5m
56,Guyra-DEM-AHD_56_5m
56,Ulladulla-DEM-AHD_56_5m
56,Warwick-DEM-AHD_56_5m
56,MountLindesay-DEM-AHD_56_5m
56,Murwillumbah-DEM-AHD_56_5m
56,TweedHeads-DEM-AHD_56_5m
56,Texas-DEM-AHD_56_5m
56,Stanthorpe-DEM-AHD_56_5m
56,Ballina-DEM-AHD_56_5m
56,Woodburn-DEM-AHD_56_5m
56,BarePoint-DEM-AHD_56_5m
56,CoffsHarbour-DEM-AHD_56_5m
56,Nambucca-DEM-AHD_56_5m
56,KorogoroPoint-DEM-AHD_56_5m
56,CamdenHaven-DEM-AHD_56_5m
56,PortStephens-DEM-AHD_56_5m
56,LakeMacquarie-DEM-AHD_56_5m
56,Sydney-DEM-AHD_56_5m
56,PortHacking-DEM-AHD_56_5m
56,Kiama-DEM-AHD_56_5m
56,JervisBay-DEM-AHD_56_5m
56,BatemansBay-DEM-AHD_56_5m
56,Narooma-DEM-AHD_56_5m
56,GreenCape-DEM-AHD_56_5m
56,Forster-DEM-AHD_56_5m
56,GoalenPoint-DEM-AHD_56_5m
56,Drake-DEM-AHD_56_5m
56,Bonalbo-DEM-AHD_56_5m
56,Lismore-DEM-AHD_56_5m
56,Ashford-DEM-AHD_56_5m
56,Clive-DEM-AHD_56_5m
56,Tenterfield-DEM-AHD_56_5m
56,Coaldale-DEM-AHD_56_5m
56,GlenInnes-DEM-AHD_56_5m
56,NewtonBoyd-DEM-AHD_56_5m
56,Grafton-DEM-AHD_56_5m
56,Ebor-DEM-AHD_56_5m
56,Dorrigo-DEM-AHD_56_5m
56,Armidale-DEM-AHD_56_5m
56,Carrai-DEM-AHD_56_5m
56,Macksville-DEM-AHD_56_5m
56,Curlewis-DEM-AHD_56_5m
56,Tamworth-DEM-AHD_56_5m
56,Nundle-DEM-AHD_56_5m
56,Yarrowitch-DEM-AHD_56_5m
56,Cowarral-DEM-AHD_56_5m
56,Kempsey-DEM-AHD_56_5m
56,Blackville-DEM-AHD_56_5m
56,Murrurundi-DEM-AHD_56_5m
56,Ellerston-DEM-AHD_56_5m
56,UpperManning-DEM-AHD_56_5m
56,Wingham-DEM-AHD_56_5m
56,Merriwa-DEM-AHD_56_5m
56,Muswellbrook-DEM-AHD_56_5m
56,Camberwell-DEM-AHD_56_5m
56,Dungog-DEM-AHD_56_5m
56,Bulahdelah-DEM-AHD_56_5m
56,MountPomany-DEM-AHD_56_5m
56,HowesValley-DEM-AHD_56_5m
56,Cessnock-DEM-AHD_56_5m
56,Newcastle-DEM-AHD_56_5m
56,Wallerawang-DEM-AHD_56_5m
56,StAlbans-DEM-AHD_56_5m
56,Gosford-DEM-AHD_56_5m
56,Katoomba-DEM-AHD_56_5m
56,Penrith-DEM-AHD_56_5m
56,Burragorang-DEM-AHD_56_5m
56,Wollongong-DEM-AHD_56_5m
56,MossVale-DEM-AHD_56_5m
